PID,PROCESS_NAME,PROCESS_DESCRIPTION
21028,Registrar,The process of the main executable -- The Registrar.
3634,Registrar,The process of the main executable -- The Registrar.
3637,Registrar,The process of the main executable -- The Registrar.
3661,Registrar,The process of the main executable -- The Registrar.
3850,Registrar,The process of the main executable -- The Registrar.
8764,Registrar,The process of the main executable -- The Registrar.
8987,Registrar,The process of the main executable -- The Registrar.
13801,Registrar,The process of the main executable -- The Registrar.
13941,Registrar,The process of the main executable -- The Registrar.
13989,Registrar,The process of the main executable -- The Registrar.
14060,Registrar,The process of the main executable -- The Registrar.
14225,Registrar,The process of the main executable -- The Registrar.
14399,Registrar,The process of the main executable -- The Registrar.
16973,Registrar,The process of the main executable -- The Registrar.
17106,Registrar,The process of the main executable -- The Registrar.
17288,Registrar,The process of the main executable -- The Registrar.
17400,Registrar,The process of the main executable -- The Registrar.
18760,Registrar,The process of the main executable -- The Registrar.
18763,Registrar,The process of the main executable -- The Registrar.
22300,Registrar,The process of the main executable -- The Registrar.
22648,Registrar,The process of the main executable -- The Registrar.
23458,Registrar,The process of the main executable -- The Registrar.
23589,Registrar,The process of the main executable -- The Registrar.
23738,Registrar,The process of the main executable -- The Registrar.
24302,Registrar,The process of the main executable -- The Registrar.
24340,Registrar,The process of the main executable -- The Registrar.
24434,Registrar,The process of the main executable -- The Registrar.
24568,Registrar,The process of the main executable -- The Registrar.
24599,Registrar,The process of the main executable -- The Registrar.
24711,Registrar,The process of the main executable -- The Registrar.
24815,Registrar,The process of the main executable -- The Registrar.
24912,Registrar,The process of the main executable -- The Registrar.
24975,Registrar,The process of the main executable -- The Registrar.
24997,Registrar,The process of the main executable -- The Registrar.
25030,Registrar,The process of the main executable -- The Registrar.
25322,Registrar,The process of the main executable -- The Registrar.
25427,Registrar,The process of the main executable -- The Registrar.
25469,Registrar,The process of the main executable -- The Registrar.
25550,Registrar,The process of the main executable -- The Registrar.
25573,Registrar,The process of the main executable -- The Registrar.
25807,Registrar,The process of the main executable -- The Registrar.
27561,Registrar,The process of the main executable -- The Registrar.
27631,Registrar,The process of the main executable -- The Registrar.
27684,Registrar,The process of the main executable -- The Registrar.
28468,Registrar,The process of the main executable -- The Registrar.
29119,Registrar,The process of the main executable -- The Registrar.
29149,Registrar,The process of the main executable -- The Registrar.
9099,Registrar,The process of the main executable -- The Registrar.
9105,Registrar,The process of the main executable -- The Registrar.
23003,Registrar,The process of the main executable -- The Registrar.
23410,Registrar,The process of the main executable -- The Registrar.
23413,Registrar,The process of the main executable -- The Registrar.
23617,Registrar,The process of the main executable -- The Registrar.
23766,Registrar,The process of the main executable -- The Registrar.
6208,Registrar,The process of the main executable -- The Registrar.
6247,Registrar,The process of the main executable -- The Registrar.
11480,Registrar,The process of the main executable -- The Registrar.
11484,Registrar,The process of the main executable -- The Registrar.
11763,Registrar,The process of the main executable -- The Registrar.
11777,Registrar,The process of the main executable -- The Registrar.
11825,Registrar,The process of the main executable -- The Registrar.
11921,Registrar,The process of the main executable -- The Registrar.
11947,Registrar,The process of the main executable -- The Registrar.
11978,Registrar,The process of the main executable -- The Registrar.
11981,Registrar,The process of the main executable -- The Registrar.
12007,Registrar,The process of the main executable -- The Registrar.
12226,Registrar,The process of the main executable -- The Registrar.
12359,Registrar,The process of the main executable -- The Registrar.
12364,Registrar,The process of the main executable -- The Registrar.
12436,Registrar,The process of the main executable -- The Registrar.
12439,Registrar,The process of the main executable -- The Registrar.
12490,Registrar,The process of the main executable -- The Registrar.
12494,Registrar,The process of the main executable -- The Registrar.
13586,Registrar,The process of the main executable -- The Registrar.
13589,Registrar,The process of the main executable -- The Registrar.
13846,Registrar,The process of the main executable -- The Registrar.
13903,Registrar,The process of the main executable -- The Registrar.
16026,Registrar,The process of the main executable -- The Registrar.
16031,Registrar,The process of the main executable -- The Registrar.
18311,Registrar,The process of the main executable -- The Registrar.
18316,Registrar,The process of the main executable -- The Registrar.
18834,Registrar,The process of the main executable -- The Registrar.
18838,Registrar,The process of the main executable -- The Registrar.
5599,Registrar,The process of the main executable -- The Registrar.
5603,Registrar,The process of the main executable -- The Registrar.
7538,Registrar,The process of the main executable -- The Registrar.
7541,Registrar,The process of the main executable -- The Registrar.
11375,Registrar,The process of the main executable -- The Registrar.
11395,Registrar,The process of the main executable -- The Registrar.
13372,Registrar,The process of the main executable -- The Registrar.
13377,Registrar,The process of the main executable -- The Registrar.
5578,Registrar,The process of the main executable -- The Registrar.
5582,Registrar,The process of the main executable -- The Registrar.
7586,Registrar,The process of the main executable -- The Registrar.
7589,Registrar,The process of the main executable -- The Registrar.
6590,Registrar,The process of the main executable -- The Registrar.
6593,Registrar,The process of the main executable -- The Registrar.
6681,Registrar,The process of the main executable -- The Registrar.
6684,Registrar,The process of the main executable -- The Registrar.
12378,Registrar,The process of the main executable -- The Registrar.
12382,Registrar,The process of the main executable -- The Registrar.
25830,Registrar,The process of the main executable -- The Registrar.
25845,Registrar,The process of the main executable -- The Registrar.
7512,Registrar,The process of the main executable -- The Registrar.
7578,Registrar,The process of the main executable -- The Registrar.
7887,Registrar,The process of the main executable -- The Registrar.
7890,Registrar,The process of the main executable -- The Registrar.
8907,Registrar,The process of the main executable -- The Registrar.
8919,Registrar,The process of the main executable -- The Registrar.
8933,Registrar,The process of the main executable -- The Registrar.
8937,Registrar,The process of the main executable -- The Registrar.
9254,Registrar,The process of the main executable -- The Registrar.
9257,Registrar,The process of the main executable -- The Registrar.
9277,Registrar,The process of the main executable -- The Registrar.
9281,Registrar,The process of the main executable -- The Registrar.
21439,Registrar,The process of the main executable -- The Registrar.
21466,Registrar,The process of the main executable -- The Registrar.
21469,Registrar,The process of the main executable -- The Registrar.
21754,Registrar,The process of the main executable -- The Registrar.
21821,Registrar,The process of the main executable -- The Registrar.
22070,Registrar,The process of the main executable -- The Registrar.
22127,Registrar,The process of the main executable -- The Registrar.
22242,Registrar,The process of the main executable -- The Registrar.
22315,Registrar,The process of the main executable -- The Registrar.
22457,Registrar,The process of the main executable -- The Registrar.
22545,Registrar,The process of the main executable -- The Registrar.
22770,Registrar,The process of the main executable -- The Registrar.
23029,Registrar,The process of the main executable -- The Registrar.
23229,Registrar,The process of the main executable -- The Registrar.
23549,Registrar,The process of the main executable -- The Registrar.
46497,Registrar,The process of the main executable -- The Registrar.
46500,Registrar,The process of the main executable -- The Registrar.
60499,Registrar,The process of the main executable -- The Registrar.
60506,Registrar,The process of the main executable -- The Registrar.
60668,Registrar,The process of the main executable -- The Registrar.
60672,Registrar,The process of the main executable -- The Registrar.
60907,Registrar,The process of the main executable -- The Registrar.
60910,Registrar,The process of the main executable -- The Registrar.
60992,Registrar,The process of the main executable -- The Registrar.
60996,Registrar,The process of the main executable -- The Registrar.
61620,Registrar,The process of the main executable -- The Registrar.
61661,Registrar,The process of the main executable -- The Registrar.
62604,Registrar,The process of the main executable -- The Registrar.
62658,Registrar,The process of the main executable -- The Registrar.
62709,Registrar,The process of the main executable -- The Registrar.
62731,Registrar,The process of the main executable -- The Registrar.
62804,Registrar,The process of the main executable -- The Registrar.
62896,Registrar,The process of the main executable -- The Registrar.
15424,Registrar,The process of the main executable -- The Registrar.
15427,Registrar,The process of the main executable -- The Registrar.
15486,Registrar,The process of the main executable -- The Registrar.
15626,Registrar,The process of the main executable -- The Registrar.
15736,Registrar,The process of the main executable -- The Registrar.
15774,Registrar,The process of the main executable -- The Registrar.
15915,Registrar,The process of the main executable -- The Registrar.
15918,Registrar,The process of the main executable -- The Registrar.
16020,Registrar,The process of the main executable -- The Registrar.
16082,Registrar,The process of the main executable -- The Registrar.
16111,Registrar,The process of the main executable -- The Registrar.
16157,Registrar,The process of the main executable -- The Registrar.
16229,Registrar,The process of the main executable -- The Registrar.
16339,Registrar,The process of the main executable -- The Registrar.
18744,Registrar,The process of the main executable -- The Registrar.
18752,Registrar,The process of the main executable -- The Registrar.
18945,Registrar,The process of the main executable -- The Registrar.
18976,Registrar,The process of the main executable -- The Registrar.
19205,Registrar,The process of the main executable -- The Registrar.
19209,Registrar,The process of the main executable -- The Registrar.
22084,Registrar,The process of the main executable -- The Registrar.
22090,Registrar,The process of the main executable -- The Registrar.
22172,Registrar,The process of the main executable -- The Registrar.
22243,Registrar,The process of the main executable -- The Registrar.
22266,Registrar,The process of the main executable -- The Registrar.
22326,Registrar,The process of the main executable -- The Registrar.
22495,Registrar,The process of the main executable -- The Registrar.
22784,Registrar,The process of the main executable -- The Registrar.
22836,Registrar,The process of the main executable -- The Registrar.
23004,Registrar,The process of the main executable -- The Registrar.
23007,Registrar,The process of the main executable -- The Registrar.
23049,Registrar,The process of the main executable -- The Registrar.
23122,Registrar,The process of the main executable -- The Registrar.
23146,Registrar,The process of the main executable -- The Registrar.
4847,Registrar,The process of the main executable -- The Registrar.
4850,Registrar,The process of the main executable -- The Registrar.
13927,Registrar,The process of the main executable -- The Registrar.
17341,Registrar,The process of the main executable -- The Registrar.
17346,Registrar,The process of the main executable -- The Registrar.
17609,Registrar,The process of the main executable -- The Registrar.
6605,Registrar,The process of the main executable -- The Registrar.
6634,Registrar,The process of the main executable -- The Registrar.
7048,Registrar,The process of the main executable -- The Registrar.
28721,Registrar,The process of the main executable -- The Registrar.
30006,Registrar,The process of the main executable -- The Registrar.
30010,Registrar,The process of the main executable -- The Registrar.
5624,Registrar,The process of the main executable -- The Registrar.
5627,Registrar,The process of the main executable -- The Registrar.
6158,Registrar,The process of the main executable -- The Registrar.
6172,Registrar,The process of the main executable -- The Registrar.
6273,Registrar,The process of the main executable -- The Registrar.
6318,Registrar,The process of the main executable -- The Registrar.
6460,Registrar,The process of the main executable -- The Registrar.
6465,Registrar,The process of the main executable -- The Registrar.
6580,Registrar,The process of the main executable -- The Registrar.
11203,Registrar,The process of the main executable -- The Registrar.
11237,Registrar,The process of the main executable -- The Registrar.
11259,Registrar,The process of the main executable -- The Registrar.
11304,Registrar,The process of the main executable -- The Registrar.
11485,Registrar,The process of the main executable -- The Registrar.
12457,Registrar,The process of the main executable -- The Registrar.
12751,Registrar,The process of the main executable -- The Registrar.
12806,Registrar,The process of the main executable -- The Registrar.
12825,Registrar,The process of the main executable -- The Registrar.
12852,Registrar,The process of the main executable -- The Registrar.
12865,Registrar,The process of the main executable -- The Registrar.
12925,Registrar,The process of the main executable -- The Registrar.
12965,Registrar,The process of the main executable -- The Registrar.
12983,Registrar,The process of the main executable -- The Registrar.
12998,Registrar,The process of the main executable -- The Registrar.
13029,Registrar,The process of the main executable -- The Registrar.
13106,Registrar,The process of the main executable -- The Registrar.
13138,Registrar,The process of the main executable -- The Registrar.
13154,Registrar,The process of the main executable -- The Registrar.
13176,Registrar,The process of the main executable -- The Registrar.
13233,Registrar,The process of the main executable -- The Registrar.
13662,Registrar,The process of the main executable -- The Registrar.
13832,Registrar,The process of the main executable -- The Registrar.
13836,Registrar,The process of the main executable -- The Registrar.
14020,Registrar,The process of the main executable -- The Registrar.
14024,Registrar,The process of the main executable -- The Registrar.
14204,Registrar,The process of the main executable -- The Registrar.
14208,Registrar,The process of the main executable -- The Registrar.
14241,Registrar,The process of the main executable -- The Registrar.
14253,Registrar,The process of the main executable -- The Registrar.
14320,Registrar,The process of the main executable -- The Registrar.
14452,Registrar,The process of the main executable -- The Registrar.
14558,Registrar,The process of the main executable -- The Registrar.
14617,Registrar,The process of the main executable -- The Registrar.
14629,Registrar,The process of the main executable -- The Registrar.
14641,Registrar,The process of the main executable -- The Registrar.
14662,Registrar,The process of the main executable -- The Registrar.
14673,Registrar,The process of the main executable -- The Registrar.
14694,Registrar,The process of the main executable -- The Registrar.
14709,Registrar,The process of the main executable -- The Registrar.
14722,Registrar,The process of the main executable -- The Registrar.
14741,Registrar,The process of the main executable -- The Registrar.
14781,Registrar,The process of the main executable -- The Registrar.
14805,Registrar,The process of the main executable -- The Registrar.
14857,Registrar,The process of the main executable -- The Registrar.
14871,Registrar,The process of the main executable -- The Registrar.
14882,Registrar,The process of the main executable -- The Registrar.
15003,Registrar,The process of the main executable -- The Registrar.
15015,Registrar,The process of the main executable -- The Registrar.
15253,Registrar,The process of the main executable -- The Registrar.
15443,Registrar,The process of the main executable -- The Registrar.
15644,Registrar,The process of the main executable -- The Registrar.
15662,Registrar,The process of the main executable -- The Registrar.
15968,Registrar,The process of the main executable -- The Registrar.
15973,Registrar,The process of the main executable -- The Registrar.
16026,Registrar,The process of the main executable -- The Registrar.
16126,Registrar,The process of the main executable -- The Registrar.
16203,Registrar,The process of the main executable -- The Registrar.
16208,Registrar,The process of the main executable -- The Registrar.
16241,Registrar,The process of the main executable -- The Registrar.
16323,Registrar,The process of the main executable -- The Registrar.
16373,Registrar,The process of the main executable -- The Registrar.
16688,Registrar,The process of the main executable -- The Registrar.
16720,Registrar,The process of the main executable -- The Registrar.
16732,Registrar,The process of the main executable -- The Registrar.
16744,Registrar,The process of the main executable -- The Registrar.
16901,Registrar,The process of the main executable -- The Registrar.
16975,Registrar,The process of the main executable -- The Registrar.
16996,Registrar,The process of the main executable -- The Registrar.
17021,Registrar,The process of the main executable -- The Registrar.
17037,Registrar,The process of the main executable -- The Registrar.
17175,Registrar,The process of the main executable -- The Registrar.
17561,Registrar,The process of the main executable -- The Registrar.
17607,Registrar,The process of the main executable -- The Registrar.
17694,Registrar,The process of the main executable -- The Registrar.
18727,Registrar,The process of the main executable -- The Registrar.
18732,Registrar,The process of the main executable -- The Registrar.
18793,Registrar,The process of the main executable -- The Registrar.
18879,Registrar,The process of the main executable -- The Registrar.
18895,Registrar,The process of the main executable -- The Registrar.
18939,Registrar,The process of the main executable -- The Registrar.
18956,Registrar,The process of the main executable -- The Registrar.
19006,Registrar,The process of the main executable -- The Registrar.
19398,Registrar,The process of the main executable -- The Registrar.
19476,Registrar,The process of the main executable -- The Registrar.
34426,Registrar,The process of the main executable -- The Registrar.
34435,Registrar,The process of the main executable -- The Registrar.
35297,Registrar,The process of the main executable -- The Registrar.
35968,Registrar,The process of the main executable -- The Registrar.
35972,Registrar,The process of the main executable -- The Registrar.
36179,Registrar,The process of the main executable -- The Registrar.
4505,Registrar,The process of the main executable -- The Registrar.
4518,Registrar,The process of the main executable -- The Registrar.
4861,Registrar,The process of the main executable -- The Registrar.
5063,Registrar,The process of the main executable -- The Registrar.
5526,Registrar,The process of the main executable -- The Registrar.
7088,Registrar,The process of the main executable -- The Registrar.
7105,Registrar,The process of the main executable -- The Registrar.
7118,Registrar,The process of the main executable -- The Registrar.
7208,Registrar,The process of the main executable -- The Registrar.
7236,Registrar,The process of the main executable -- The Registrar.
7297,Registrar,The process of the main executable -- The Registrar.
7318,Registrar,The process of the main executable -- The Registrar.
7330,Registrar,The process of the main executable -- The Registrar.
7369,Registrar,The process of the main executable -- The Registrar.
9692,Registrar,The process of the main executable -- The Registrar.
9980,Registrar,The process of the main executable -- The Registrar.
20431,Registrar,The process of the main executable -- The Registrar.
20443,Registrar,The process of the main executable -- The Registrar.
23390,Registrar,The process of the main executable -- The Registrar.
23395,Registrar,The process of the main executable -- The Registrar.
24042,Registrar,The process of the main executable -- The Registrar.
24121,Registrar,The process of the main executable -- The Registrar.
24164,Registrar,The process of the main executable -- The Registrar.
24209,Registrar,The process of the main executable -- The Registrar.
24213,Registrar,The process of the main executable -- The Registrar.
24305,Registrar,The process of the main executable -- The Registrar.
24319,Registrar,The process of the main executable -- The Registrar.
24426,Registrar,The process of the main executable -- The Registrar.
24554,Registrar,The process of the main executable -- The Registrar.
7894,Registrar,The process of the main executable -- The Registrar.
7958,Registrar,The process of the main executable -- The Registrar.
8598,Registrar,The process of the main executable -- The Registrar.
8601,Registrar,The process of the main executable -- The Registrar.
9940,Registrar,The process of the main executable -- The Registrar.
9943,Registrar,The process of the main executable -- The Registrar.
9978,Registrar,The process of the main executable -- The Registrar.
9981,Registrar,The process of the main executable -- The Registrar.
10039,Registrar,The process of the main executable -- The Registrar.
10111,Registrar,The process of the main executable -- The Registrar.
32477,Registrar,The process of the main executable -- The Registrar.
32563,Registrar,The process of the main executable -- The Registrar.
45379,Registrar,The process of the main executable -- The Registrar.
45539,Registrar,The process of the main executable -- The Registrar.
47088,Registrar,The process of the main executable -- The Registrar.
47612,Registrar,The process of the main executable -- The Registrar.
48020,Registrar,The process of the main executable -- The Registrar.
6779,Registrar,The process of the main executable -- The Registrar.
6785,Registrar,The process of the main executable -- The Registrar.
7279,Registrar,The process of the main executable -- The Registrar.
7282,Registrar,The process of the main executable -- The Registrar.
9596,Registrar,The process of the main executable -- The Registrar.
9600,Registrar,The process of the main executable -- The Registrar.
10615,Registrar,The process of the main executable -- The Registrar.
10671,Registrar,The process of the main executable -- The Registrar.
10688,Registrar,The process of the main executable -- The Registrar.
10722,Registrar,The process of the main executable -- The Registrar.
10884,Registrar,The process of the main executable -- The Registrar.
11152,Registrar,The process of the main executable -- The Registrar.
11155,Registrar,The process of the main executable -- The Registrar.
11213,Registrar,The process of the main executable -- The Registrar.
11567,Registrar,The process of the main executable -- The Registrar.
11599,Registrar,The process of the main executable -- The Registrar.
11696,Registrar,The process of the main executable -- The Registrar.
11726,Registrar,The process of the main executable -- The Registrar.
11806,Registrar,The process of the main executable -- The Registrar.
11835,Registrar,The process of the main executable -- The Registrar.
11871,Registrar,The process of the main executable -- The Registrar.
11952,Registrar,The process of the main executable -- The Registrar.
12215,Registrar,The process of the main executable -- The Registrar.
12422,Registrar,The process of the main executable -- The Registrar.
12425,Registrar,The process of the main executable -- The Registrar.
12657,Registrar,The process of the main executable -- The Registrar.
12768,Registrar,The process of the main executable -- The Registrar.
12771,Registrar,The process of the main executable -- The Registrar.
13527,Registrar,The process of the main executable -- The Registrar.
3526,Registrar,The process of the main executable -- The Registrar.
3529,Registrar,The process of the main executable -- The Registrar.
4130,Registrar,The process of the main executable -- The Registrar.
4184,Registrar,The process of the main executable -- The Registrar.
4673,Registrar,The process of the main executable -- The Registrar.
4744,Registrar,The process of the main executable -- The Registrar.
4760,Registrar,The process of the main executable -- The Registrar.
4838,Registrar,The process of the main executable -- The Registrar.
5156,Registrar,The process of the main executable -- The Registrar.
5203,Registrar,The process of the main executable -- The Registrar.
5253,Registrar,The process of the main executable -- The Registrar.
5281,Registrar,The process of the main executable -- The Registrar.
5400,Registrar,The process of the main executable -- The Registrar.
5458,Registrar,The process of the main executable -- The Registrar.
8018,Registrar,The process of the main executable -- The Registrar.
8299,Registrar,The process of the main executable -- The Registrar.
8401,Registrar,The process of the main executable -- The Registrar.
8715,Registrar,The process of the main executable -- The Registrar.
18485,Registrar,The process of the main executable -- The Registrar.
18489,Registrar,The process of the main executable -- The Registrar.
18931,Registrar,The process of the main executable -- The Registrar.
19306,Registrar,The process of the main executable -- The Registrar.
19547,Registrar,The process of the main executable -- The Registrar.
5039,Registrar,The process of the main executable -- The Registrar.
5070,Registrar,The process of the main executable -- The Registrar.
5906,Registrar,The process of the main executable -- The Registrar.
5953,Registrar,The process of the main executable -- The Registrar.
6333,Registrar,The process of the main executable -- The Registrar.
7015,Registrar,The process of the main executable -- The Registrar.
7714,Registrar,The process of the main executable -- The Registrar.
12791,Registrar,The process of the main executable -- The Registrar.
12803,Registrar,The process of the main executable -- The Registrar.
18364,Registrar,The process of the main executable -- The Registrar.
6007,Registrar,The process of the main executable -- The Registrar.
6028,Registrar,The process of the main executable -- The Registrar.
7143,Registrar,The process of the main executable -- The Registrar.
7146,Registrar,The process of the main executable -- The Registrar.
7495,Registrar,The process of the main executable -- The Registrar.
7498,Registrar,The process of the main executable -- The Registrar.
7568,Registrar,The process of the main executable -- The Registrar.
7571,Registrar,The process of the main executable -- The Registrar.
8708,Registrar,The process of the main executable -- The Registrar.
8810,Registrar,The process of the main executable -- The Registrar.
8853,Registrar,The process of the main executable -- The Registrar.
10076,Registrar,The process of the main executable -- The Registrar.
10157,Registrar,The process of the main executable -- The Registrar.
10263,Registrar,The process of the main executable -- The Registrar.
10266,Registrar,The process of the main executable -- The Registrar.
10767,Registrar,The process of the main executable -- The Registrar.
11146,Registrar,The process of the main executable -- The Registrar.
15067,Registrar,The process of the main executable -- The Registrar.
15071,Registrar,The process of the main executable -- The Registrar.
15387,Registrar,The process of the main executable -- The Registrar.
15426,Registrar,The process of the main executable -- The Registrar.
15485,Registrar,The process of the main executable -- The Registrar.
15879,Registrar,The process of the main executable -- The Registrar.
16228,Registrar,The process of the main executable -- The Registrar.
16231,Registrar,The process of the main executable -- The Registrar.
16656,Registrar,The process of the main executable -- The Registrar.
16698,Registrar,The process of the main executable -- The Registrar.
16701,Registrar,The process of the main executable -- The Registrar.
16854,Registrar,The process of the main executable -- The Registrar.
16857,Registrar,The process of the main executable -- The Registrar.
16895,Registrar,The process of the main executable -- The Registrar.
16898,Registrar,The process of the main executable -- The Registrar.
17232,Registrar,The process of the main executable -- The Registrar.
17584,Registrar,The process of the main executable -- The Registrar.
18233,Registrar,The process of the main executable -- The Registrar.
18236,Registrar,The process of the main executable -- The Registrar.
4929,Registrar,The process of the main executable -- The Registrar.
4946,Registrar,The process of the main executable -- The Registrar.
11809,Registrar,The process of the main executable -- The Registrar.
11813,Registrar,The process of the main executable -- The Registrar.
12019,Registrar,The process of the main executable -- The Registrar.
12064,Registrar,The process of the main executable -- The Registrar.
12330,Registrar,The process of the main executable -- The Registrar.
